#,Chr,Start,End,P-value,POS,REF,ALT,Effect,SE,SNP-Position,Start (Gene),End (Gene),GENE,Chain,SNP,N
1,3,160295299,160395299,5.68E-08,160345299,G,T,-0.692873484,0.140063139,NC_035435.2-160345299,160372723,160374334,LOC110930217,+,NC_035435.2,1611
2,3,160295299,160395299,5.68E-08,160345299,G,T,-0.692873484,0.140063139,NC_035435.2-160345299,160297865,160307482,LOC110932303,+,NC_035435.2,9617
3,4,20305884,20405884,3.39E-08,20355884,A,G,0.633962501,0.133816033,NC_035436.2-20355884,20360765,20365050,LOC110899024,+,NC_035436.2,4285
4,4,20305884,20405884,3.39E-08,20355884,A,G,0.633962501,0.133816033,NC_035436.2-20355884,20323729,20327934,LOC110899025,-,NC_035436.2,4205
5,4,20305884,20405884,3.39E-08,20355884,A,G,0.633962501,0.133816033,NC_035436.2-20355884,20309917,20312066,LOC110899026,+,NC_035436.2,2149
6,4,20305884,20405884,3.39E-08,20355884,A,G,0.633962501,0.133816033,NC_035436.2-20355884,20306518,20322544,LOC110899027,+,NC_035436.2,16026
7,4,20305884,20405884,3.39E-08,20355884,A,G,0.633962501,0.133816033,NC_035436.2-20355884,20367945,20370887,LOC110903133,+,NC_035436.2,2942
8,10,17417721,17517721,1.06E-14,17467721,T,C,-1.716503878,0.228723278,NC_035442.2-17467721,17493542,17494692,LOC118483017,+,NC_035442.2,1150
9,10,94601944,94701944,2.35E-11,94651944,A,G,-1.335291448,0.23473265,NC_035442.2-94651944,94691181,94694628,LOC118482906,+,NC_035442.2,3447
10,13,51970671,52070671,7.05E-08,52020671,G,A,1.096664595,0.220210283,NC_035445.2-52020671,52061219,52064748,LOC110897855,-,NC_035445.2,3529
11,13,51970671,52070671,7.05E-08,52020671,G,A,1.096664595,0.220210283,NC_035445.2-52020671,52056862,52061222,LOC110897856,+,NC_035445.2,4360
12,13,51970671,52070671,7.05E-08,52020671,G,A,1.096664595,0.220210283,NC_035445.2-52020671,52032567,52038824,LOC110897857,-,NC_035445.2,6257
13,13,51970671,52070671,7.05E-08,52020671,G,A,1.096664595,0.220210283,NC_035445.2-52020671,52027759,52030871,LOC110897858,+,NC_035445.2,3112
14,13,100355520,100455520,2.83E-11,100405520,C,A,0.560491402,0.089817658,NC_035445.2-100405520,100367695,100369264,LOC110898814,+,NC_035445.2,1569
15,13,100355520,100455520,2.83E-11,100405520,C,A,0.560491402,0.089817658,NC_035445.2-100405520,100447104,100449114,LOC110903046,+,NC_035445.2,2010
16,13,100355520,100455520,2.83E-11,100405520,C,A,0.560491402,0.089817658,NC_035445.2-100405520,100379383,100383062,LOC118485575,+,NC_035445.2,3679
17,16,31725666,31825666,3.44E-08,31775666,G,T,-1.351380652,0.266226105,NC_035448.2-31775666,31733723,31736166,LOC110917719,-,NC_035448.2,2443
18,16,31725666,31825666,3.44E-08,31775666,G,T,-1.351380652,0.266226105,NC_035448.2-31775666,31738632,31740181,LOC110917735,+,NC_035448.2,1549
19,16,31725666,31825666,3.44E-08,31775666,G,T,-1.351380652,0.266226105,NC_035448.2-31775666,31761139,31762290,LOC110919168,-,NC_035448.2,1151
20,16,31725666,31825666,3.44E-08,31775666,G,T,-1.351380652,0.266226105,NC_035448.2-31775666,31801458,31801889,LOC110919169,-,NC_035448.2,431
21,16,31725666,31825666,3.44E-08,31775666,G,T,-1.351380652,0.266226105,NC_035448.2-31775666,31819148,31820254,LOC110919170,+,NC_035448.2,1106
