,SNP,CHROM,POS,REF,ALT,Effect,SE,Head_Diameter.MLM
1,NC_035442.2-10938079,10,10938079,C,T,-2.205498001,0.302989259,3.70E-12
2,NC_035442.2-10965134,10,10965134,T,G,-1.990050407,0.291390827,5.66E-11
3,NC_035442.2-10965180,10,10965180,C,A,-1.990050407,0.291390827,5.66E-11
4,NC_035442.2-10965186,10,10965186,A,T,-1.990050407,0.291390827,5.66E-11
5,NC_035442.2-10965206,10,10965206,C,G,-2.210056466,0.328711136,1.06E-10
6,NC_035442.2-10965269,10,10965269,T,C,-1.990050407,0.291390827,5.66E-11
7,NC_035442.2-10965270,10,10965270,A,G,-1.990050407,0.291390827,5.66E-11
8,NC_035442.2-10965311,10,10965311,A,G,-1.990050407,0.291390827,5.66E-11
9,NC_035442.2-12398748,10,12398748,T,C,-2.045279696,0.372117006,9.00E-08
10,NC_035442.2-12398885,10,12398885,A,G,-2.294623836,0.355507202,5.04E-10
11,NC_035442.2-12812961,10,12812961,G,A,-1.95161431,0.345841051,4.23E-08
12,NC_035442.2-12813173,10,12813173,G,T,-1.95161431,0.345841051,4.23E-08
13,NC_035442.2-12813184,10,12813184,C,T,-1.95161431,0.345841051,4.23E-08
14,NC_035442.2-12813239,10,12813239,C,A,-1.95161431,0.345841051,4.23E-08
15,NC_035442.2-14559255,10,14559255,T,C,-2.406936075,0.336814768,8.39E-12
16,NC_035442.2-14716876,10,14716876,G,A,-2.376667351,0.359531467,2.05E-10
17,NC_035442.2-14716897,10,14716897,G,C,-2.045985348,0.335387884,3.67E-09
18,NC_035442.2-14738369,10,14738369,C,T,-2.230394261,0.365812779,3.74E-09
19,NC_035442.2-14738527,10,14738527,G,A,-2.230394261,0.365812779,3.74E-09
20,NC_035442.2-14773447,10,14773447,T,C,-2.055942804,0.357995101,2.51E-08
21,NC_035442.2-14786520,10,14786520,T,C,-2.376667351,0.359531467,2.05E-10
22,NC_035442.2-14792234,10,14792234,T,C,-2.203458267,0.335684214,2.68E-10
23,NC_035442.2-14794504,10,14794504,G,A,-2.230394261,0.365812779,3.74E-09
24,NC_035442.2-14794596,10,14794596,A,G,-1.471133173,0.270616872,1.22E-07
25,NC_035442.2-14797127,10,14797127,A,C,-2.230394261,0.365812779,3.74E-09
26,NC_035442.2-14797191,10,14797191,G,T,-2.230394261,0.365812779,3.74E-09
27,NC_035442.2-14797227,10,14797227,C,A,-2.230394261,0.365812779,3.74E-09
28,NC_035442.2-14804128,10,14804128,A,G,-2.070847803,0.340748732,4.16E-09
29,NC_035442.2-14804294,10,14804294,C,A,-2.070847803,0.340748732,4.16E-09
30,NC_035442.2-14804302,10,14804302,G,T,-2.230394261,0.365812779,3.74E-09
31,NC_035442.2-14821356,10,14821356,T,C,-2.191350774,0.34027335,5.47E-10
32,NC_035442.2-14879085,10,14879085,A,T,-1.771794476,0.331570014,1.94E-07
33,NC_035442.2-14879086,10,14879086,T,G,-1.771794476,0.331570014,1.94E-07
34,NC_035442.2-14879284,10,14879284,T,G,-1.771794476,0.331570014,1.94E-07
35,NC_035442.2-14879285,10,14879285,A,G,-1.771794476,0.331570014,1.94E-07
36,NC_035442.2-14923270,10,14923270,A,G,-1.782043287,0.330809761,1.57E-07
37,NC_035442.2-15143119,10,15143119,C,T,-2.230394261,0.365812779,3.74E-09
38,NC_035442.2-15143125,10,15143125,A,C,-2.070847803,0.340748732,4.16E-09
39,NC_035442.2-15143127,10,15143127,G,A,-2.230394261,0.365812779,3.74E-09
40,NC_035442.2-15143150,10,15143150,G,A,-2.230394261,0.365812779,3.74E-09
41,NC_035442.2-15144570,10,15144570,T,C,-2.070847803,0.340748732,4.16E-09
42,NC_035442.2-15144826,10,15144826,G,C,-2.230394261,0.365812779,3.74E-09
43,NC_035442.2-15167049,10,15167049,A,T,-2.230394261,0.365812779,3.74E-09
44,NC_035442.2-15167056,10,15167056,C,T,-2.230394261,0.365812779,3.74E-09
45,NC_035442.2-15167191,10,15167191,A,T,-1.883656697,0.330324524,3.10E-08
46,NC_035442.2-15167214,10,15167214,C,T,-2.230394261,0.365812779,3.74E-09
47,NC_035442.2-15271146,10,15271146,G,A,-2.011618482,0.337118233,7.59E-09
48,NC_035442.2-15271152,10,15271152,G,C,-2.070847803,0.340748732,4.16E-09
49,NC_035442.2-15271332,10,15271332,C,T,-2.230394261,0.365812779,3.74E-09
50,NC_035442.2-15303146,10,15303146,C,T,-2.070847803,0.340748732,4.16E-09
51,NC_035442.2-15323160,10,15323160,G,A,-1.900746212,0.336175905,4.00E-08
52,NC_035442.2-15323195,10,15323195,T,C,-1.900746212,0.336175905,4.00E-08
53,NC_035442.2-15323343,10,15323343,C,T,-1.919504606,0.354673574,1.38E-07
54,NC_035442.2-15336925,10,15336925,A,G,-1.900746212,0.336175905,4.00E-08
55,NC_035442.2-15637958,10,15637958,T,C,-2.316621852,0.351912851,2.41E-10
56,NC_035442.2-15638096,10,15638096,C,A,-2.316621852,0.351912851,2.41E-10
57,NC_035442.2-15638097,10,15638097,T,C,-2.230394261,0.365812779,3.74E-09
58,NC_035442.2-15638152,10,15638152,C,T,-2.316621852,0.351912851,2.41E-10
59,NC_035442.2-15646325,10,15646325,C,T,-2.316621852,0.351912851,2.41E-10
60,NC_035442.2-15646357,10,15646357,A,G,-2.316621852,0.351912851,2.41E-10
61,NC_035442.2-15646361,10,15646361,T,C,-2.316621852,0.351912851,2.41E-10
62,NC_035442.2-15646455,10,15646455,T,C,-2.316621852,0.351912851,2.41E-10
63,NC_035442.2-15646480,10,15646480,A,C,-2.316621852,0.351912851,2.41E-10
64,NC_035442.2-15671785,10,15671785,G,A,-2.16518655,0.34324404,1.16E-09
65,NC_035442.2-15671798,10,15671798,T,G,-2.16518655,0.34324404,1.16E-09
66,NC_035442.2-15671851,10,15671851,G,A,-2.16518655,0.34324404,1.16E-09
67,NC_035442.2-15671861,10,15671861,C,T,-2.16518655,0.34324404,1.16E-09
68,NC_035442.2-16355998,10,16355998,C,G,-2.149115058,0.376795533,3.08E-08
69,NC_035442.2-16356020,10,16356020,A,C,-2.254483827,0.362292909,1.86E-09
70,NC_035442.2-16356036,10,16356036,C,T,-2.254483827,0.362292909,1.86E-09
71,NC_035442.2-16356131,10,16356131,T,C,-2.254483827,0.362292909,1.86E-09
72,NC_035442.2-16356143,10,16356143,G,A,-2.254483827,0.362292909,1.86E-09
73,NC_035442.2-16411034,10,16411034,C,T,-2.08302337,0.352007897,9.91E-09
74,NC_035442.2-17013542,10,17013542,T,C,-1.85184672,0.329118057,4.61E-08
75,NC_035442.2-17408177,10,17408177,C,G,-2.479444093,0.358018386,3.19E-11
76,NC_035442.2-17411417,10,17411417,G,C,-2.400214647,0.331351188,4.61E-12
77,NC_035442.2-17411471,10,17411471,A,G,-2.265373931,0.345614869,2.83E-10
78,NC_035442.2-17411583,10,17411583,T,C,-2.400214647,0.331351188,4.61E-12
79,NC_035442.2-17411586,10,17411586,G,A,-2.337127784,0.333572332,1.96E-11
80,NC_035442.2-17414125,10,17414125,A,G,-1.926912276,0.354516351,1.23E-07
81,NC_035442.2-17460012,10,17460012,A,G,-2.446172109,0.345461112,1.25E-11
82,NC_035442.2-17467721,10,17467721,T,C,-2.575747956,0.331824869,1.75E-13
83,NC_035442.2-17852371,10,17852371,G,A,-2.20444901,0.342110846,5.36E-10
84,NC_035442.2-18728745,10,18728745,T,A,-2.071957958,0.348513189,8.55E-09
85,NC_035442.2-18728771,10,18728771,C,A,-2.071957958,0.348513189,8.55E-09
86,NC_035442.2-19651258,10,19651258,G,A,-1.738317058,0.326466223,2.14E-07
87,NC_035444.2-96987052,12,96987052,T,C,-3.528612631,0.621966406,3.61E-08
88,NC_035444.2-96987091,12,96987091,G,T,-3.654600449,0.636590311,2.54E-08
89,NC_035444.2-96987192,12,96987192,C,T,-3.654600449,0.636590311,2.54E-08
90,NC_035444.2-96987231,12,96987231,G,A,-3.654600449,0.636590311,2.54E-08
91,NC_035448.2-31753915,16,31753915,T,A,-2.648134083,0.405107311,3.14E-10
92,NC_035448.2-31753928,16,31753928,T,C,-2.466702406,0.396948117,1.96E-09
93,NC_035448.2-31753976,16,31753976,A,C,-2.4035005,0.393557844,3.54E-09
94,NC_035448.2-31754046,16,31754046,A,G,-2.574759935,0.401164338,6.20E-10
95,NC_035448.2-31754095,16,31754095,G,C,-2.648134083,0.405107311,3.14E-10
96,NC_035448.2-31754134,16,31754134,T,A,-2.574759935,0.401164338,6.20E-10
97,NC_035448.2-31754140,16,31754140,G,A,-2.574759935,0.401164338,6.20E-10
98,NC_035448.2-31754150,16,31754150,G,A,-2.4035005,0.393557844,3.54E-09
99,NC_035448.2-31754154,16,31754154,T,C,-2.574759935,0.401164338,6.20E-10
100,NC_035448.2-31775666,16,31775666,G,T,-2.675343759,0.414778562,5.17E-10
101,NC_035449.2-62707273,17,62707273,T,C,-3.936411002,0.658781255,7.26E-09
102,NC_035449.2-62707327,17,62707327,C,T,-3.936411002,0.658781255,7.26E-09
103,NC_035449.2-62707389,17,62707389,T,C,-3.936411002,0.658781255,7.26E-09
104,NC_035449.2-62707469,17,62707469,T,C,-3.936411002,0.658781255,7.26E-09
105,NC_035449.2-62707495,17,62707495,A,T,-3.936411002,0.658781255,7.26E-09
106,NC_035449.2-193166964,17,193166964,T,G,-2.495828503,0.443154677,4.48E-08
